{"name":"ListAllProcessTypesIntent","identifier":"ARL0NADEMT","description":"Essa intent serve para fazer a listagem de todos os processos disponíveis para abertura no IFPB e perguntar se o usuário quer consultar algum específico.","parentIntentSignature":null,"sampleUtterances":[{"utterance":"Quais são os tipos de processos acadêmicos disponíveis para mim?"},{"utterance":"Quais processos acadêmicos eu posso abrir?"},{"utterance":"Quais são os processos acadêmicos que a instituição oferece?"},{"utterance":"Como posso consultar os tipos de processos acadêmicos disponíveis?"},{"utterance":"Quais opções de processos acadêmicos estão disponíveis para abertura?"},{"utterance":"Me mostre os tipos de processos acadêmicos que posso abrir."},{"utterance":"Como descubro os processos acadêmicos que posso iniciar?"},{"utterance":"Quero ver a lista de processos acadêmicos disponíveis."},{"utterance":"Quais são os tipos de processos que posso abrir na faculdade?"},{"utterance":"Quais tipos de processos acadêmicos estão disponíveis no sistema?"},{"utterance":"Quais processos acadêmicos posso abrir ou consultar na faculdade?"},{"utterance":"Como posso acessar a lista de processos acadêmicos?"},{"utterance":"Quais são os processos acadêmicos que posso solicitar?"},{"utterance":"Que tipos de processos acadêmicos posso abrir hoje?"},{"utterance":"Me mostre todos os tipos de processos acadêmicos disponíveis."},{"utterance":"Quais são as categorias de processos acadêmicos disponíveis?"},{"utterance":"Que processos estão disponíveis para eu iniciar ou consultar?"},{"utterance":"Posso ver a lista de processos acadêmicos disponíveis para abertura?"},{"utterance":"Você pode listar os processos acadêmicos disponíveis para mim?"},{"utterance":"Como saber quais processos acadêmicos estão disponíveis?"},{"utterance":"Como posso ver os processos acadêmicos que estão disponíveis?"},{"utterance":"Me mostre as opções de processos acadêmicos para abertura."},{"utterance":"Quais são os processos acadêmicos listados pela instituição?"},{"utterance":"Como faço para ver os tipos de processos acadêmicos disponíveis?"},{"utterance":"Quais são os tipos de processos que a instituição oferece para abertura?"},{"utterance":"Quais são os diferentes processos acadêmicos que posso solicitar?"},{"utterance":"Quais são os processos acadêmicos que estão disponíveis no momento?"},{"utterance":"Quais opções de processos acadêmicos posso iniciar agora?"},{"utterance":"Me mostre a lista de processos acadêmicos disponíveis para abertura."},{"utterance":"Quais tipos de processos acadêmicos posso abrir na faculdade?"}],"intentConfirmationSetting":null,"intentClosingSetting":{"isActive":false,"nextStep":{"sessionAttributes":null,"intent":{"name":null,"slots":null},"dialogAction":{"type":"EndConversation","slotToElicit":null,"suppressNextMessage":null}},"closingResponse":null},"initialResponseSetting":{"conditional":null,"codeHook":{"isActive":true,"invocationLabel":null,"postCodeHookSpecification":{"failureResponse":null,"failureNextStep":{"sessionAttributes":null,"intent":{"name":null,"slots":null},"dialogAction":{"type":"EndConversation","slotToElicit":null,"suppressNextMessage":null}},"failureConditional":null,"successResponse":null,"successNextStep":{"sessionAttributes":null,"intent":{"name":null,"slots":null},"dialogAction":{"type":"ElicitSlot","slotToElicit":"Confirm","suppressNextMessage":null}},"successConditional":null,"timeoutResponse":null,"timeoutNextStep":{"sessionAttributes":null,"intent":{"name":null,"slots":null},"dialogAction":{"type":"EndConversation","slotToElicit":null,"suppressNextMessage":null}},"timeoutConditional":null},"enableCodeHookInvocation":true},"nextStep":{"sessionAttributes":null,"intent":{"name":null,"slots":null},"dialogAction":{"type":"InvokeDialogCodeHook","slotToElicit":null,"suppressNextMessage":null}},"initialResponse":null},"inputContexts":null,"outputContexts":null,"kendraConfiguration":null,"qnAIntentConfiguration":null,"bedrockAgentIntentConfiguration":null,"dialogCodeHook":{"enabled":true},"fulfillmentCodeHook":{"isActive":true,"postFulfillmentStatusSpecification":{"failureResponse":{"messageGroupsList":[{"message":{"ssmlMessage":null,"customPayload":null,"plainTextMessage":{"value":"Desculpe, não consegui finalizar sua solicitação, tente novamente."},"imageResponseCard":null},"variations":null}],"allowInterrupt":true},"failureNextStep":{"sessionAttributes":null,"intent":{"name":null,"slots":null},"dialogAction":{"type":"EndConversation","slotToElicit":null,"suppressNextMessage":null}},"successResponse":null,"successNextStep":{"sessionAttributes":null,"intent":{"name":null,"slots":null},"dialogAction":{"type":"EndConversation","slotToElicit":null,"suppressNextMessage":null}},"timeoutResponse":null,"timeoutNextStep":{"sessionAttributes":null,"intent":{"name":null,"slots":null},"dialogAction":{"type":"EndConversation","slotToElicit":null,"suppressNextMessage":null}}},"fulfillmentUpdatesSpecification":null,"enabled":false},"slotPriorities":[{"priority":1,"slotName":"Confirm"}]}