{"name":"ProcessOutcomeIntent","identifier":"GOSIIUXWUQ","description":"Essa intent serve para efetuar consultas sobre os efeitos resultantes dos requerimentos de processos abertos anteriormente no IFPB e responder perguntas especificas sobre as informações fornecidas.","parentIntentSignature":null,"sampleUtterances":[{"utterance":"Como saber a situação do meu processo?"},{"utterance":"Meu processo foi atendido ou está pendente?"},{"utterance":"Como verificar se meu requerimento foi aceito?"},{"utterance":"Quais são as possíveis situações de um processo acadêmico?"},{"utterance":"O que acontece após eu enviar um processo no SUAP?"},{"utterance":"Como sei se meu processo foi encaminhado a outro setor?"},{"utterance":"Qual é a próxima etapa do meu processo acadêmico?"},{"utterance":"Como verificar o status de suspensão de um processo?"},{"utterance":"O que acontece quando meu processo está suspenso?"},{"utterance":"Como sei se meu processo precisa de mais documentos?"},{"utterance":"Quando meu processo será finalizado?"},{"utterance":"Como posso saber se meu requerimento foi deferido?"},{"utterance":"O que acontece se meu requerimento for incompatível com o pedido?"},{"utterance":"Meu processo foi suspenso, como resolvo isso?"},{"utterance":"Quais os efeitos de um requerimento indeferido?"},{"utterance":"Como saber se meu processo foi finalizado sem efeitos?"},{"utterance":"Qual é a situação e efeitos resultantes dos requerimentos?"}],"intentConfirmationSetting":null,"intentClosingSetting":null,"initialResponseSetting":{"conditional":null,"codeHook":{"isActive":true,"invocationLabel":null,"postCodeHookSpecification":{"failureResponse":null,"failureNextStep":{"sessionAttributes":null,"intent":{"name":null,"slots":null},"dialogAction":{"type":"EndConversation","slotToElicit":null,"suppressNextMessage":null}},"failureConditional":null,"successResponse":null,"successNextStep":{"sessionAttributes":null,"intent":{"name":null,"slots":null},"dialogAction":{"type":"ElicitSlot","slotToElicit":"Confirm","suppressNextMessage":null}},"successConditional":null,"timeoutResponse":null,"timeoutNextStep":{"sessionAttributes":null,"intent":{"name":null,"slots":null},"dialogAction":{"type":"EndConversation","slotToElicit":null,"suppressNextMessage":null}},"timeoutConditional":null},"enableCodeHookInvocation":true},"nextStep":{"sessionAttributes":null,"intent":{"name":null,"slots":null},"dialogAction":{"type":"InvokeDialogCodeHook","slotToElicit":null,"suppressNextMessage":null}},"initialResponse":null},"inputContexts":null,"outputContexts":null,"kendraConfiguration":null,"qnAIntentConfiguration":null,"bedrockAgentIntentConfiguration":null,"dialogCodeHook":{"enabled":true},"fulfillmentCodeHook":{"isActive":true,"postFulfillmentStatusSpecification":{"failureResponse":{"messageGroupsList":[{"message":{"ssmlMessage":null,"customPayload":null,"plainTextMessage":{"value":"Desculpe, não consegui finalizar sua solicitação, tente novamente."},"imageResponseCard":null},"variations":null}],"allowInterrupt":true},"failureNextStep":{"sessionAttributes":null,"intent":{"name":null,"slots":null},"dialogAction":{"type":"EndConversation","slotToElicit":null,"suppressNextMessage":null}},"successResponse":null,"successNextStep":{"sessionAttributes":null,"intent":{"name":null,"slots":null},"dialogAction":{"type":"EndConversation","slotToElicit":null,"suppressNextMessage":null}},"timeoutResponse":null,"timeoutNextStep":{"sessionAttributes":null,"intent":{"name":null,"slots":null},"dialogAction":{"type":"EndConversation","slotToElicit":null,"suppressNextMessage":null}}},"fulfillmentUpdatesSpecification":null,"enabled":true},"slotPriorities":[{"priority":2,"slotName":"Question"},{"priority":1,"slotName":"Confirm"}]}