{"name":"WelcomeIntent","identifier":"XJFUD48X0F","description":"Essa intent responde com uma mensagem de boas-vindas e orienta sobre como o bot pode ajudar com processos acadêmicos.","parentIntentSignature":null,"sampleUtterances":[{"utterance":"Olá!"},{"utterance":"Oi, tudo bem?"},{"utterance":"Oi, como você está?"},{"utterance":"Oi, tudo certo?"},{"utterance":"Oie, como vai?"},{"utterance":"Olá, como vai?"},{"utterance":"Olá, posso te fazer uma pergunta?"},{"utterance":"Oi, você pode me ajudar?"},{"utterance":"Olá, posso saber mais sobre você?"},{"utterance":"Oi, você está aí?"},{"utterance":"Oi, qual é a sua função?"},{"utterance":"Olá, como posso usar esse serviço?"},{"utterance":"Oi, o que você faz aqui?"},{"utterance":"Oi, eu tenho algumas perguntas."},{"utterance":"Olá, estou aqui para aprender."},{"utterance":"Oi, o que você pode fazer por mim?"},{"utterance":"Oi, quero saber o que você faz."},{"utterance":"Oi, estou buscando ajuda."},{"utterance":"Olá, como posso começar?"},{"utterance":"Como você pode me ajudar?"},{"utterance":"Oi, você pode me dizer o que sabe fazer?"},{"utterance":"Oi, preciso de informações."},{"utterance":"Oi, você pode me orientar?"},{"utterance":"Olá, estou aqui para tirar dúvidas."},{"utterance":"Como posso começar?"},{"utterance":"Olá, preciso de ajuda."},{"utterance":"Oi, o que você pode me explicar?"},{"utterance":"Oi, estou interessado em saber mais."},{"utterance":"Olá, estou perdido, pode ajudar?"},{"utterance":"Você pode me ajudar com algo?"},{"utterance":"Oi, como posso obter ajuda aqui?"},{"utterance":"Olá, o que posso fazer neste serviço?"},{"utterance":"Oi, o que você recomenda?"},{"utterance":"Olá, estou procurando informações!"},{"utterance":"Oi, pode me mostrar o que fazer?"},{"utterance":"Oi, como posso utilizar esse serviço?"},{"utterance":"Olá, preciso entender como algo funciona."},{"utterance":"Oi, você pode me dar mais detalhes?"},{"utterance":"Oi, o que você tem para oferecer?"},{"utterance":"Olá, como posso interagir com você?"},{"utterance":"Oi, quero saber o que posso fazer aqui."},{"utterance":"Oi, você pode me orientar melhor?"},{"utterance":"Oi, qual é a sua principal função?"},{"utterance":"Olá, estou precisando de ajuda."},{"utterance":"Você pode me mostrar as opções?"},{"utterance":"O que você pode oferecer?"},{"utterance":"Oi, como posso começar a usar isso?"},{"utterance":"Oi, você pode me dar mais informações?"},{"utterance":"Oi, estou em busca de respostas."},{"utterance":"Oi, qual é o seu propósito?"},{"utterance":"Olá, como você pode facilitar minha vida?"},{"utterance":"Estou aqui para tirar dúvidas."},{"utterance":"Oi, você pode me dar dicas sobre o que fazer?"},{"utterance":"Olá, o que você pode me explicar melhor?"},{"utterance":"Como você pode me ajudar hoje?"},{"utterance":"Oie, o que você sabe fazer?"},{"utterance":"Olá, quero entender como funciona isso."},{"utterance":"Oi, o que eu posso fazer aqui?"},{"utterance":"Estou em busca de ajuda."},{"utterance":"Preciso de ajuda."},{"utterance":"Oi, me ajude a encontrar o que preciso."},{"utterance":"Olá, me conte mais sobre o serviço."},{"utterance":"Oi, estou aqui para aprender mais."},{"utterance":"Olá, como posso explorar suas funções?"},{"utterance":"Oi, quero saber o que você pode fazer por mim."},{"utterance":"Oi, como posso interagir melhor com você?"},{"utterance":"Oi, estou buscando ajuda, como posso começar?"},{"utterance":"Olá, qual é a sua função principal?"},{"utterance":"Oi, o que você pode oferecer para mim?"},{"utterance":"Olá, me ajude a entender isso melhor."},{"utterance":"Oi!"}],"intentConfirmationSetting":null,"intentClosingSetting":{"isActive":false,"nextStep":{"sessionAttributes":null,"dialogAction":{"type":"EndConversation","suppressNextMessage":null,"slotToElicit":null},"intent":{"name":null,"slots":null}},"closingResponse":null},"initialResponseSetting":{"conditional":null,"codeHook":{"isActive":false,"invocationLabel":null,"postCodeHookSpecification":{"failureResponse":null,"failureNextStep":{"sessionAttributes":null,"dialogAction":{"type":"EndConversation","suppressNextMessage":null,"slotToElicit":null},"intent":{"name":null,"slots":null}},"failureConditional":null,"successResponse":null,"successNextStep":{"sessionAttributes":null,"dialogAction":{"type":"FulfillIntent","suppressNextMessage":null,"slotToElicit":null},"intent":{"name":null,"slots":null}},"successConditional":null,"timeoutResponse":null,"timeoutNextStep":{"sessionAttributes":null,"dialogAction":{"type":"EndConversation","suppressNextMessage":null,"slotToElicit":null},"intent":{"name":null,"slots":null}},"timeoutConditional":null},"enableCodeHookInvocation":false},"nextStep":{"sessionAttributes":null,"dialogAction":{"type":"FulfillIntent","suppressNextMessage":null,"slotToElicit":null},"intent":{"name":null,"slots":null}},"initialResponse":null},"inputContexts":null,"outputContexts":null,"kendraConfiguration":null,"qnAIntentConfiguration":null,"bedrockAgentIntentConfiguration":null,"dialogCodeHook":{"enabled":false},"fulfillmentCodeHook":{"isActive":true,"postFulfillmentStatusSpecification":{"failureResponse":null,"failureNextStep":{"sessionAttributes":null,"dialogAction":{"type":"EndConversation","suppressNextMessage":null,"slotToElicit":null},"intent":{"name":null,"slots":null}},"successResponse":{"messageGroupsList":[{"message":{"ssmlMessage":null,"customPayload":null,"plainTextMessage":{"value":"Olá! Bem-vindo ao assistente de processos acadêmicos."},"imageResponseCard":null},"variations":null},{"message":{"ssmlMessage":null,"customPayload":null,"plainTextMessage":null,"imageResponseCard":{"title":"Veja as opções abaixo para começar!","subtitle":"Selecione uma das opções para obter mais informações:","imageUrl":null,"buttonsList":[{"value":"Quero os passos para abrir um processo acadêmico","text":"Obtenha orientação sobre como abrir um processo"},{"value":"Quero ver a lista de processos acadêmicos!","text":"Descubra todos os processos disponíveis"},{"value":"Quero consultar um processo acadêmico específico!","text":"Consulte um processo específico"},{"value":"Quero verificar a legibilidade de um documento","text":"Verificar legibilidade de documentos dos processos"},{"value":"Qual é a situação e efeitos dos requerimentos ?","text":"Verificar a situação e efeitos dos requerimentos "}]}},"variations":null}],"allowInterrupt":true},"successNextStep":{"sessionAttributes":{"welcomeSent":"true"},"dialogAction":{"type":"EndConversation","suppressNextMessage":null,"slotToElicit":null},"intent":{"name":null,"slots":null}},"timeoutResponse":null,"timeoutNextStep":{"sessionAttributes":null,"dialogAction":{"type":"EndConversation","suppressNextMessage":null,"slotToElicit":null},"intent":{"name":null,"slots":null}}},"fulfillmentUpdatesSpecification":{"active":false,"timeoutInSeconds":null,"startResponse":null,"updateResponse":null},"enabled":true},"slotPriorities":[]}