{"name":"CheckProcessTypesIntent","identifier":"IUUFT7OHP3","description":"Essa intent consulta tipos de processos acadêmicos disponíveis no IFPB e obtem detalhes sobre requisitos e documentos necessários.","parentIntentSignature":null,"sampleUtterances":[{"utterance":"Quero consultar um processo acadêmico."},{"utterance":"Quais processos acadêmicos posso consultar?"},{"utterance":"Que processos acadêmicos estão disponíveis para consulta?"},{"utterance":"Quero consultar um processo acadêmico específico."},{"utterance":"Posso consultar os processos acadêmicos disponíveis?"},{"utterance":"Quais tipos de processos acadêmicos posso consultar?"},{"utterance":"Quero saber detalhes sobre um processo acadêmico específico."},{"utterance":"Como posso acessar os detalhes de um processo acadêmico?"},{"utterance":"Quero informações detalhadas sobre um processo acadêmico."},{"utterance":"Como consultar um processo acadêmico específico?"},{"utterance":"Eu quero obter informaçõos sobre o processo {ProcessId}"},{"utterance":"Eu quero saber sobre o processo de número {ProcessId}"},{"utterance":"Eu quero consultar o processo acadêmico {ProcessId}"},{"utterance":"Me informe sobre o processo acadêmico de número {ProcessId}"},{"utterance":"Me dê informações sobre o processo de número {ProcessId}"},{"utterance":"Quero saber detalhes do processo {ProcessId}"},{"utterance":"Me fale sobre o processo {ProcessId}"},{"utterance":"Consigo ter informações detalhadas do processo {ProcessId} ?"},{"utterance":"Me conte mais sobre o processo de código {ProcessId}"},{"utterance":"Quero detalhes sobre o processo acadêmico {ProcessId}"},{"utterance":"É possível saber o andamento do processo {ProcessId} ?"},{"utterance":"Preciso de informações sobre o processo {ProcessId}"},{"utterance":"Pode consultar o processo acadêmico de código {ProcessId} ?"}],"intentConfirmationSetting":null,"intentClosingSetting":null,"initialResponseSetting":{"conditional":null,"codeHook":{"isActive":false,"invocationLabel":null,"postCodeHookSpecification":{"failureResponse":null,"failureNextStep":{"sessionAttributes":null,"dialogAction":{"type":"EndConversation","suppressNextMessage":null,"slotToElicit":null},"intent":{"name":null,"slots":null}},"failureConditional":null,"successResponse":null,"successNextStep":{"sessionAttributes":null,"dialogAction":{"type":"ElicitSlot","suppressNextMessage":null,"slotToElicit":"ProcessID"},"intent":{"name":null,"slots":null}},"successConditional":null,"timeoutResponse":null,"timeoutNextStep":{"sessionAttributes":null,"dialogAction":{"type":"EndConversation","suppressNextMessage":null,"slotToElicit":null},"intent":{"name":null,"slots":null}},"timeoutConditional":null},"enableCodeHookInvocation":true},"nextStep":{"sessionAttributes":null,"dialogAction":{"type":"ElicitSlot","suppressNextMessage":null,"slotToElicit":"ProcessId"},"intent":{"name":null,"slots":null}},"initialResponse":null},"inputContexts":null,"outputContexts":null,"kendraConfiguration":null,"qnAIntentConfiguration":null,"bedrockAgentIntentConfiguration":null,"dialogCodeHook":{"enabled":true},"fulfillmentCodeHook":{"isActive":true,"postFulfillmentStatusSpecification":{"failureResponse":{"messageGroupsList":[{"message":{"ssmlMessage":null,"customPayload":null,"plainTextMessage":{"value":"Desculpe, não consegui finalizar sua solicitação, tente novamente."},"imageResponseCard":null},"variations":null}],"allowInterrupt":true},"failureNextStep":{"sessionAttributes":null,"dialogAction":{"type":"EndConversation","suppressNextMessage":null,"slotToElicit":null},"intent":{"name":null,"slots":null}},"successResponse":null,"successNextStep":{"sessionAttributes":null,"dialogAction":{"type":"EndConversation","suppressNextMessage":null,"slotToElicit":null},"intent":{"name":null,"slots":null}},"timeoutResponse":null,"timeoutNextStep":{"sessionAttributes":null,"dialogAction":{"type":"EndConversation","suppressNextMessage":null,"slotToElicit":null},"intent":{"name":null,"slots":null}}},"fulfillmentUpdatesSpecification":null,"enabled":true},"slotPriorities":[{"priority":1,"slotName":"ProcessId"},{"priority":2,"slotName":"Confirm"}]}