{"name":"documents","identifier":"DLKNMNSBCB","description":null,"slotTypeValues":[{"synonyms":[{"value":"RG"}],"sampleValue":{"value":"RG"}},{"synonyms":[{"value":"CPF"}],"sampleValue":{"value":"CPF"}},{"synonyms":[{"value":"CNH"}],"sampleValue":{"value":"CNH"}},{"synonyms":[{"value":"TITULO ELEITOR"}],"sampleValue":{"value":"TITULO ELEITOR"}},{"synonyms":[{"value":"CERTIDAO DE NASCIMENTO"}],"sampleValue":{"value":"CERTIDAO DE NASCIMENTO"}},{"synonyms":[{"value":"CTPS"}],"sampleValue":{"value":"CTPS"}}],"parentSlotTypeSignature":null,"valueSelectionSetting":{"resolutionStrategy":"TOP_RESOLUTION","regexFilter":null}}