{"name":"SaudacaoInicial","identifier":"WYWXPB9RUL","description":"Essa intent responde com uma mensagem de boas-vindas e orienta sobre como o bot pode ajudar com processos acadêmicos.","parentIntentSignature":null,"sampleUtterances":[{"utterance":"Oi"},{"utterance":"Olá"},{"utterance":"Bom dia"},{"utterance":"Boa tarde"},{"utterance":"Boa noite"},{"utterance":"Iniciar"},{"utterance":"Começar"},{"utterance":"Ativar"},{"utterance":"Ajuda"},{"utterance":"O que você pode fazer?"},{"utterance":"Quais são as suas funções?"},{"utterance":"Como você pode me ajudar?"},{"utterance":"Menu"},{"utterance":"Como vai?"},{"utterance":"Tudo certo?"},{"utterance":"Olá, espero que esteja bem!"},{"utterance":"Oi, como vão as coisas?"},{"utterance":"Oi, poderia me ajudar?"},{"utterance":"Oi, tudo bem?"}],"intentConfirmationSetting":null,"intentClosingSetting":null,"initialResponseSetting":{"conditional":null,"codeHook":{"isActive":true,"enableCodeHookInvocation":true,"invocationLabel":null,"postCodeHookSpecification":{"failureResponse":null,"failureNextStep":{"sessionAttributes":null,"dialogAction":{"type":"EndConversation","slotToElicit":null,"suppressNextMessage":null},"intent":{"name":null,"slots":null}},"failureConditional":null,"successResponse":null,"successNextStep":{"sessionAttributes":null,"dialogAction":{"type":"FulfillIntent","slotToElicit":null,"suppressNextMessage":null},"intent":{"name":null,"slots":null}},"successConditional":null,"timeoutResponse":null,"timeoutNextStep":{"sessionAttributes":null,"dialogAction":{"type":"EndConversation","slotToElicit":null,"suppressNextMessage":null},"intent":{"name":null,"slots":null}},"timeoutConditional":null}},"nextStep":{"sessionAttributes":null,"dialogAction":{"type":"InvokeDialogCodeHook","slotToElicit":null,"suppressNextMessage":null},"intent":{"name":null,"slots":null}},"initialResponse":{"messageGroupsList":[{"message":{"ssmlMessage":null,"customPayload":null,"plainTextMessage":{"value":"Olá! 👋 Bem-vindo ao nosso assistente de processos acadêmicos. "},"imageResponseCard":null},"variations":[{"ssmlMessage":null,"customPayload":null,"plainTextMessage":{"value":"Olá! 👋 Seja bem-vindo ao nosso assistente de processos acadêmicos. "},"imageResponseCard":null},{"ssmlMessage":null,"customPayload":null,"plainTextMessage":{"value":"Oi! 👋 Bem-vindo ao nosso assistente acadêmico. "},"imageResponseCard":null}]},{"message":{"ssmlMessage":null,"customPayload":null,"plainTextMessage":null,"imageResponseCard":{"title":"Veja as opções abaixo para começar. Basta clicar em um card para obter mais informações.","subtitle":null,"imageUrl":null,"buttonsList":[{"value":"Obter orientação sobre como abrir um processo","text":"Obtenha orientação sobre como abrir um processo"},{"value":"Descubrir os tipos de processos disponíveis","text":"Descubra os tipos de processos disponíveis"},{"value":"Iniciar um novo processo","text":"Inicie um novo processo"},{"value":"Verificar o status dos processos em andamento","text":"Verifique o status dos processos em andamento"}]}},"variations":null}],"allowInterrupt":true}},"inputContexts":null,"outputContexts":null,"kendraConfiguration":null,"qnAIntentConfiguration":null,"bedrockAgentIntentConfiguration":null,"dialogCodeHook":{"enabled":false},"fulfillmentCodeHook":{"isActive":true,"postFulfillmentStatusSpecification":{"failureResponse":null,"failureNextStep":{"sessionAttributes":null,"dialogAction":{"type":"EndConversation","slotToElicit":null,"suppressNextMessage":null},"intent":{"name":null,"slots":null}},"successResponse":null,"successNextStep":{"sessionAttributes":null,"dialogAction":{"type":"EndConversation","slotToElicit":null,"suppressNextMessage":null},"intent":{"name":null,"slots":null}},"timeoutResponse":null,"timeoutNextStep":{"sessionAttributes":null,"dialogAction":{"type":"EndConversation","slotToElicit":null,"suppressNextMessage":null},"intent":{"name":null,"slots":null}}},"fulfillmentUpdatesSpecification":{"active":false,"timeoutInSeconds":null,"startResponse":null,"updateResponse":null},"enabled":true},"slotPriorities":[]}