{"name":"ProcessOpeningGuideIntent","identifier":"97N1VW4SJO","description":"Essa intent guia o passo a passo para abrir processos acadêmicos no IFPB e responder perguntas especificas sobre o passo a passo.","parentIntentSignature":null,"sampleUtterances":[{"utterance":"Como posso abrir um processo acadêmico?"},{"utterance":"Quais são os passos para se iniciar um processo acadêmico?"},{"utterance":"Quais são os passos para abrir um processo acadêmico?"},{"utterance":"Me mostre o passo a passo de como posso abrir um processo acadêmico!"},{"utterance":"Qual é o procedimento para abrir um processo de acadêmico?"},{"utterance":"Como iniciar um processo acadêmico?"},{"utterance":"Você poderia me ajudar a abrir um processo?"},{"utterance":"Como faço para criar um processo?"},{"utterance":"Quero obter orientação sobre como abrir um processo."},{"utterance":"Me oriente para abrir um processo acadêmico!"},{"utterance":"O que preciso fazer para abrir um processo acadêmico?"},{"utterance":"Você consegue me dizer como faço para abrir um processo?"},{"utterance":"Quais são os passos para iniciar um processo eletrônico no SUAP?"},{"utterance":"Me ajude a abrir um processo acadêmico"},{"utterance":"Você pode me dar dicas sobre como abrir um processo acadêmico?"}],"intentConfirmationSetting":null,"intentClosingSetting":null,"initialResponseSetting":{"conditional":null,"codeHook":{"isActive":true,"invocationLabel":null,"postCodeHookSpecification":{"failureResponse":null,"failureNextStep":{"sessionAttributes":null,"intent":{"name":null,"slots":null},"dialogAction":{"type":"EndConversation","slotToElicit":null,"suppressNextMessage":null}},"failureConditional":null,"successResponse":null,"successNextStep":{"sessionAttributes":null,"intent":{"name":null,"slots":null},"dialogAction":{"type":"ElicitSlot","slotToElicit":"Confirm","suppressNextMessage":null}},"successConditional":null,"timeoutResponse":null,"timeoutNextStep":{"sessionAttributes":null,"intent":{"name":null,"slots":null},"dialogAction":{"type":"EndConversation","slotToElicit":null,"suppressNextMessage":null}},"timeoutConditional":null},"enableCodeHookInvocation":true},"nextStep":{"sessionAttributes":null,"intent":{"name":null,"slots":null},"dialogAction":{"type":"InvokeDialogCodeHook","slotToElicit":null,"suppressNextMessage":null}},"initialResponse":null},"inputContexts":null,"outputContexts":null,"kendraConfiguration":null,"qnAIntentConfiguration":null,"bedrockAgentIntentConfiguration":null,"dialogCodeHook":{"enabled":true},"fulfillmentCodeHook":{"isActive":true,"postFulfillmentStatusSpecification":{"failureResponse":{"messageGroupsList":[{"message":{"ssmlMessage":null,"customPayload":null,"plainTextMessage":{"value":"Desculpe, não consegui finalizar sua solicitação, tente novamente."},"imageResponseCard":null},"variations":null}],"allowInterrupt":true},"failureNextStep":{"sessionAttributes":null,"intent":{"name":null,"slots":null},"dialogAction":{"type":"EndConversation","slotToElicit":null,"suppressNextMessage":null}},"successResponse":null,"successNextStep":{"sessionAttributes":null,"intent":{"name":null,"slots":null},"dialogAction":{"type":"EndConversation","slotToElicit":null,"suppressNextMessage":null}},"timeoutResponse":null,"timeoutNextStep":{"sessionAttributes":null,"intent":{"name":null,"slots":null},"dialogAction":{"type":"EndConversation","slotToElicit":null,"suppressNextMessage":null}}},"fulfillmentUpdatesSpecification":null,"enabled":true},"slotPriorities":[{"priority":2,"slotName":"Question"},{"priority":1,"slotName":"Confirm"}]}