{"name":"CheckDocumentLegibilityIntent","identifier":"UVSRM6ZXQK","description":"Intent para verificar a legibilidade de documentos que são usados para na abertura de processos.","parentIntentSignature":null,"sampleUtterances":[{"utterance":"Eu gostaria de verificar a legibilidade de um documento."},{"utterance":"Você pode me ajudar a verificar se meu documento está legível?"},{"utterance":"Como posso saber se meu documento está legível?"},{"utterance":"Preciso verificar a legibilidade de um arquivo, pode me ajudar?"},{"utterance":"Como saber se meu documento está claro o suficiente para ser lido?"},{"utterance":"Pode verificar a legibilidade do meu documento?"},{"utterance":"Quero checar se meu documento está legível, como faço?"},{"utterance":"Você pode conferir se meu documento pode ser lido corretamente?"},{"utterance":"Preciso verificar se meu arquivo está bom para leitura."},{"utterance":"Como posso validar a legibilidade de um documento?"},{"utterance":"Quero saber se o texto do meu documento está legível."},{"utterance":"Pode me ajudar a verificar se meu arquivo está com boa qualidade?"},{"utterance":"Gostaria de checar a legibilidade de um documento para criar um processo."},{"utterance":"Meu documento está legível o suficiente? Pode verificar?"},{"utterance":"Quero validar a legibilidade de um arquivo que preciso enviar."},{"utterance":"Preciso confirmar se meu documento está legível para o sistema."},{"utterance":"Pode verificar se o texto no meu documento é reconhecível?"},{"utterance":"Como sei se meu documento está bom para criar um processo?"},{"utterance":"Preciso de ajuda para checar se meu documento está legível."},{"utterance":"Gostaria de saber se meu documento está claro e legível."},{"utterance":"Você pode verificar se meu arquivo está pronto para ser lido?"},{"utterance":"Quero verificar a qualidade do texto em um documento, como faço?"},{"utterance":"Gostaria de saber se o conteúdo do meu documento está claro."},{"utterance":"Como posso validar se meu documento está legível para o processo?"},{"utterance":"Quero verificar a nitidez do texto no meu documento, pode me ajudar?"},{"utterance":"Quero verificar a legibilidade de um documento!"}],"intentConfirmationSetting":null,"intentClosingSetting":null,"initialResponseSetting":{"conditional":null,"codeHook":{"isActive":true,"invocationLabel":null,"postCodeHookSpecification":{"failureResponse":null,"failureNextStep":{"sessionAttributes":null,"intent":{"name":null,"slots":null},"dialogAction":{"type":"EndConversation","slotToElicit":null,"suppressNextMessage":null}},"failureConditional":null,"successResponse":null,"successNextStep":{"sessionAttributes":null,"intent":{"name":null,"slots":null},"dialogAction":{"type":"ElicitSlot","slotToElicit":"DocumentType","suppressNextMessage":null}},"successConditional":null,"timeoutResponse":null,"timeoutNextStep":{"sessionAttributes":null,"intent":{"name":null,"slots":null},"dialogAction":{"type":"EndConversation","slotToElicit":null,"suppressNextMessage":null}},"timeoutConditional":null},"enableCodeHookInvocation":true},"nextStep":{"sessionAttributes":null,"intent":{"name":null,"slots":null},"dialogAction":{"type":"InvokeDialogCodeHook","slotToElicit":null,"suppressNextMessage":null}},"initialResponse":null},"inputContexts":null,"outputContexts":null,"kendraConfiguration":null,"qnAIntentConfiguration":null,"bedrockAgentIntentConfiguration":null,"dialogCodeHook":{"enabled":true},"fulfillmentCodeHook":{"isActive":true,"postFulfillmentStatusSpecification":{"failureResponse":{"messageGroupsList":[{"message":{"ssmlMessage":null,"customPayload":null,"plainTextMessage":{"value":"Desculpe, não consegui finalizar sua solicitação, tente novamente."},"imageResponseCard":null},"variations":null}],"allowInterrupt":true},"failureNextStep":{"sessionAttributes":null,"intent":{"name":null,"slots":null},"dialogAction":{"type":"EndConversation","slotToElicit":null,"suppressNextMessage":null}},"successResponse":null,"successNextStep":{"sessionAttributes":null,"intent":{"name":null,"slots":null},"dialogAction":{"type":"EndConversation","slotToElicit":null,"suppressNextMessage":null}},"timeoutResponse":null,"timeoutNextStep":{"sessionAttributes":null,"intent":{"name":null,"slots":null},"dialogAction":{"type":"EndConversation","slotToElicit":null,"suppressNextMessage":null}}},"fulfillmentUpdatesSpecification":null,"enabled":true},"slotPriorities":[{"priority":1,"slotName":"DocumentType"},{"priority":2,"slotName":"ImageKey"}]}