{"name":"OrientarAberturaProcesso","identifier":"QZAEFHKATP","description":"Essa intent guia o passo a passo para abrir processos acadêmicos no IFPB, reformulando instruções técnicas em linguagem acessível.","parentIntentSignature":null,"sampleUtterances":[{"utterance":"Como posso abrir um processo acadêmico?"},{"utterance":"Quais são os passos para iniciar um processo de revisão de nota?"},{"utterance":"Preciso saber como iniciar um processo de transferência."},{"utterance":"Como faço para abrir um processo de solicitação de prorrogação?"},{"utterance":"Qual é o procedimento para abrir um processo de matrícula?"},{"utterance":"Como iniciar um processo de revisão de documentação?"},{"utterance":"Qual é o processo para abrir um pedido de recurso?"},{"utterance":"Como abro um processo para solicitar uma bolsa de estudo?"},{"utterance":"Qual é o procedimento para abrir um processo de estágio?"},{"utterance":"Como fazer uma solicitação de revisão de crédito?"},{"utterance":"O que preciso fazer para abrir um processo de cancelamento de matrícula?"},{"utterance":"Quais são os passos para iniciar um processo de declaração de ausência?"},{"utterance":"Como iniciar um processo para alterar dados cadastrais?"},{"utterance":"Quais documentos são necessários para abrir um processo acadêmico?"},{"utterance":"Qual é o prazo para abrir um processo de revisão de nota?"},{"utterance":"Como posso abrir um processo de recurso contra uma decisão acadêmica?"},{"utterance":"Qual é o procedimento para abrir um processo de inscrição em disciplinas?"},{"utterance":"Como abro um processo para contestar uma avaliação?"},{"utterance":"Qual é o procedimento para solicitar uma revisão de trabalho?"},{"utterance":"Como iniciar um processo de pedido de dispensa de disciplina?"},{"utterance":"O que devo fazer para iniciar um processo de recurso?"},{"utterance":"Como faço para abrir um processo para mudança de disciplina?"},{"utterance":"Quais são os requisitos para abrir um processo acadêmico?"},{"utterance":"Como devo proceder para abrir um processo de solicitação de estágio?"},{"utterance":"O que é necessário para abrir um processo de atualização cadastral?"},{"utterance":"Como faço para começar um processo de mudança de curso?"},{"utterance":"Qual é o procedimento para abrir um processo de ajuste de grade?"},{"utterance":"Como posso abrir um processo para a revisão de um trabalho acadêmico?"},{"utterance":"O que preciso para abrir um processo de solicitação de diploma?"},{"utterance":"Quais são os passos para abrir um processo de mudança de turno?"}],"intentConfirmationSetting":null,"intentClosingSetting":null,"initialResponseSetting":{"conditional":null,"codeHook":{"isActive":true,"enableCodeHookInvocation":true,"invocationLabel":null,"postCodeHookSpecification":{"failureResponse":null,"failureNextStep":{"sessionAttributes":null,"dialogAction":{"type":"EndConversation","slotToElicit":null,"suppressNextMessage":null},"intent":{"name":null,"slots":null}},"failureConditional":null,"successResponse":null,"successNextStep":{"sessionAttributes":null,"dialogAction":{"type":"ElicitSlot","slotToElicit":"tipoProcesso","suppressNextMessage":null},"intent":{"name":null,"slots":null}},"successConditional":null,"timeoutResponse":null,"timeoutNextStep":{"sessionAttributes":null,"dialogAction":{"type":"EndConversation","slotToElicit":null,"suppressNextMessage":null},"intent":{"name":null,"slots":null}},"timeoutConditional":null}},"nextStep":{"sessionAttributes":null,"dialogAction":{"type":"InvokeDialogCodeHook","slotToElicit":null,"suppressNextMessage":null},"intent":{"name":null,"slots":null}},"initialResponse":null},"inputContexts":null,"outputContexts":null,"kendraConfiguration":null,"qnAIntentConfiguration":null,"bedrockAgentIntentConfiguration":null,"dialogCodeHook":{"enabled":false},"fulfillmentCodeHook":{"isActive":true,"postFulfillmentStatusSpecification":{"failureResponse":null,"failureNextStep":{"sessionAttributes":null,"dialogAction":{"type":"EndConversation","slotToElicit":null,"suppressNextMessage":null},"intent":{"name":null,"slots":null}},"successResponse":null,"successNextStep":{"sessionAttributes":null,"dialogAction":{"type":"EndConversation","slotToElicit":null,"suppressNextMessage":null},"intent":{"name":null,"slots":null}},"timeoutResponse":null,"timeoutNextStep":{"sessionAttributes":null,"dialogAction":{"type":"EndConversation","slotToElicit":null,"suppressNextMessage":null},"intent":{"name":null,"slots":null}}},"fulfillmentUpdatesSpecification":null,"enabled":true},"slotPriorities":[{"priority":1,"slotName":"tipoProcesso"}]}