{"name":"ConsultarAndamentoProcessos","identifier":"WOS0BJCXO0","description":"Essa intent consulta o status de processos acadêmicos em andamento, com informações atualizadas sobre o progresso.","parentIntentSignature":null,"sampleUtterances":[{"utterance":"Quais processos estão abertos no momento?"},{"utterance":"Como posso consultar os processos que estão em andamento?"},{"utterance":"Quero verificar o status do meu último processo."},{"utterance":"Me informe sobre todos os processos que estão em aberto."},{"utterance":"Qual é o status do meu processo mais recente?"},{"utterance":"Quero saber quais processos ainda estão em andamento."},{"utterance":"Como posso ver todos os meus processos em aberto?"},{"utterance":"Qual é o status dos processos que estou acompanhando?"},{"utterance":"Preciso verificar o status dos meus processos atuais."},{"utterance":"Me mostre os processos que estão em andamento."},{"utterance":"Quero consultar o status do meu processo recente."},{"utterance":"Como posso consultar todos os processos que tenho em aberto?"},{"utterance":"Quero saber os detalhes dos processos que estão sendo processados."},{"utterance":"Qual é a situação dos processos que estou acompanhando?"},{"utterance":"Me informe sobre o status dos processos que estão em aberto."},{"utterance":"Qual é o status do meu último processo em aberto?"},{"utterance":"Como vejo todos os processos acadêmicos que estão em andamento?"},{"utterance":"Quero consultar o status dos processos em andamento. Como faço isso?"},{"utterance":"Como posso verificar todos os processos que estão em aberto?"},{"utterance":"Quais processos eu tenho em aberto?"},{"utterance":"Quero consultar o status dos meus processos."},{"utterance":"Como posso verificar o andamento dos meus processos acadêmicos?"},{"utterance":"Quais são os processos acadêmicos que estão em andamento?"},{"utterance":"Como está o status dos meus processos em aberto?"},{"utterance":"Quero saber o andamento dos meus processos acadêmicos."},{"utterance":"Como posso ver o status dos processos que estou acompanhando?"},{"utterance":"Quais processos acadêmicos estão pendentes para mim?"},{"utterance":"Onde posso verificar o status dos meus processos em andamento?"},{"utterance":"Quero consultar os processos que estou aguardando."},{"utterance":"Como posso acompanhar o progresso dos meus processos acadêmicos?"},{"utterance":"Quais processos acadêmicos ainda estão ativos para mim?"},{"utterance":"Quero saber o andamento dos processos que abri recentemente."},{"utterance":"Como posso ver os processos acadêmicos que estão em revisão?"},{"utterance":"Quais são os processos acadêmicos que estão sendo analisados?"},{"utterance":"Quero acompanhar o status dos meus pedidos acadêmicos."},{"utterance":"Como posso verificar o progresso dos meus processos pendentes?"},{"utterance":"Quais processos acadêmicos eu ainda tenho para resolver?"},{"utterance":"Onde posso consultar os processos acadêmicos que estão sendo processados?"},{"utterance":"Como está o andamento dos meus processos de revisão de nota?"}],"intentConfirmationSetting":null,"intentClosingSetting":null,"initialResponseSetting":{"conditional":null,"codeHook":{"isActive":true,"enableCodeHookInvocation":true,"invocationLabel":null,"postCodeHookSpecification":{"failureResponse":null,"failureNextStep":{"sessionAttributes":null,"dialogAction":{"type":"EndConversation","slotToElicit":null,"suppressNextMessage":null},"intent":{"name":null,"slots":null}},"failureConditional":null,"successResponse":null,"successNextStep":{"sessionAttributes":null,"dialogAction":{"type":"EndConversation","slotToElicit":null,"suppressNextMessage":null},"intent":{"name":null,"slots":null}},"successConditional":null,"timeoutResponse":null,"timeoutNextStep":{"sessionAttributes":null,"dialogAction":{"type":"EndConversation","slotToElicit":null,"suppressNextMessage":null},"intent":{"name":null,"slots":null}},"timeoutConditional":null}},"nextStep":{"sessionAttributes":null,"dialogAction":{"type":"InvokeDialogCodeHook","slotToElicit":null,"suppressNextMessage":null},"intent":{"name":null,"slots":null}},"initialResponse":null},"inputContexts":null,"outputContexts":null,"kendraConfiguration":null,"qnAIntentConfiguration":null,"bedrockAgentIntentConfiguration":null,"dialogCodeHook":{"enabled":true},"fulfillmentCodeHook":{"isActive":true,"postFulfillmentStatusSpecification":{"failureResponse":null,"failureNextStep":{"sessionAttributes":null,"dialogAction":{"type":"EndConversation","slotToElicit":null,"suppressNextMessage":null},"intent":{"name":null,"slots":null}},"successResponse":null,"successNextStep":{"sessionAttributes":null,"dialogAction":{"type":"EndConversation","slotToElicit":null,"suppressNextMessage":null},"intent":{"name":null,"slots":null}},"timeoutResponse":null,"timeoutNextStep":{"sessionAttributes":null,"dialogAction":{"type":"EndConversation","slotToElicit":null,"suppressNextMessage":null},"intent":{"name":null,"slots":null}}},"fulfillmentUpdatesSpecification":null,"enabled":true},"slotPriorities":[{"priority":1,"slotName":"ConsultarUltimoProcesso"},{"priority":2,"slotName":"ColsutarTodosProcessos"}]}