{"name":"tipoProcessos","identifier":"L8MTSN7EXC","description":null,"slotTypeValues":[{"synonyms":null,"sampleValue":{"value":"Aceleração de diploma"}},{"synonyms":null,"sampleValue":{"value":"Acompanhamento domiciliar"}},{"synonyms":null,"sampleValue":{"value":"Ajuda de custo para participação em eventos"}},{"synonyms":null,"sampleValue":{"value":"Ajuste de matrícula em disciplina(s)"}},{"synonyms":null,"sampleValue":{"value":"Ajuste em projeto de pesquisa a partir de 2018"}},{"synonyms":null,"sampleValue":{"value":"Ajuste em projeto de pesquisa anterior a 2018"}},{"synonyms":null,"sampleValue":{"value":"Antecipação de colação de grau (extemporânea)"}},{"synonyms":null,"sampleValue":{"value":"Auxílio óculos"}},{"synonyms":null,"sampleValue":{"value":"Cadastro de nome social"}},{"synonyms":null,"sampleValue":{"value":"Cadastro do estágio dos cursos técnicos e superiores (formalização do estágio inicial)"}},{"synonyms":null,"sampleValue":{"value":"Cancelamento voluntário de matrícula de estudante ingressante"}},{"synonyms":null,"sampleValue":{"value":"Cancelamento voluntário de matrícula de estudante veterano"}},{"synonyms":null,"sampleValue":{"value":"Certificação de conhecimento - aceleração de estudos (técnico)"}},{"synonyms":null,"sampleValue":{"value":"Certificado de conclusão de curso (especialização)"}},{"synonyms":null,"sampleValue":{"value":"Colação de grau e diploma de curso superior"}},{"synonyms":null,"sampleValue":{"value":"Declaração de boa conduta"}},{"synonyms":null,"sampleValue":{"value":"Declaração de matrícula/vínculo"}},{"synonyms":null,"sampleValue":{"value":"Declaração de processo em trâmite"}},{"synonyms":null,"sampleValue":{"value":"Declaração de integralização de carga horária"}},{"synonyms":null,"sampleValue":{"value":"Declaração de provável data de conclusão"}},{"synonyms":null,"sampleValue":{"value":"Diploma de conclusão de curso técnico"}},{"synonyms":null,"sampleValue":{"value":"Diploma de mestrado"}},{"synonyms":null,"sampleValue":{"value":"Dispensa das atividades práticas de educação física]"}},{"synonyms":null,"sampleValue":{"value":"Entrega da Folha de Ponto (Monitoria)"}},{"synonyms":null,"sampleValue":{"value":"Entrega de Projeto"}},{"synonyms":null,"sampleValue":{"value":"Entrega de relatório de estágio"}},{"synonyms":null,"sampleValue":{"value":"Entrega de Trabalho de conclusão de Curso"}},{"synonyms":null,"sampleValue":{"value":"Entrega do Relatório Final (Monitoria)"}},{"synonyms":null,"sampleValue":{"value":"Impugnação de Edital"}},{"synonyms":null,"sampleValue":{"value":"Marcação de defesa de dissertação"}},{"synonyms":null,"sampleValue":{"value":"Marcação de qualificação de dissertação"}},{"synonyms":null,"sampleValue":{"value":"Matrícula para manutenção de vínculo"}},{"synonyms":null,"sampleValue":{"value":"Mudança de orientador de TCC"}},{"synonyms":null,"sampleValue":{"value":"Prorrogação de prazo para defesa de dissertação"}},{"synonyms":null,"sampleValue":{"value":"Pedido de matrícula em disciplina de outro curso"}},{"synonyms":null,"sampleValue":{"value":"Prorrogação de prazo para qualificação de dissertação"}},{"synonyms":null,"sampleValue":{"value":"Reconhecimento de competências/conhecimentos adquiridos"}},{"synonyms":null,"sampleValue":{"value":"Registro de propriedade intelectual"}},{"synonyms":null,"sampleValue":{"value":"Reintegração de matrícula"}},{"synonyms":null,"sampleValue":{"value":"Reingresso de estudante por jubilamento ou cancelamento de matrícula"}},{"synonyms":null,"sampleValue":{"value":"Relatório de bolsa de mestrado"}},{"synonyms":null,"sampleValue":{"value":"Reposição de avaliações"}},{"synonyms":null,"sampleValue":{"value":"Residência pedagógica na forma de estágio supervisionado"}},{"synonyms":null,"sampleValue":{"value":"Segunda via de diploma"}},{"synonyms":null,"sampleValue":{"value":"Seleção para estágio não obrigatório"}},{"synonyms":null,"sampleValue":{"value":"Solicitação de Ementa/Plano de curso de disciplina cursada"}},{"synonyms":null,"sampleValue":{"value":"Trancamento de interrupção de estudos com edital"}},{"synonyms":null,"sampleValue":{"value":"Trancamento de matrícula para realização de intercâmbio"}},{"synonyms":null,"sampleValue":{"value":"Trancamento voluntário de disciplina"}},{"synonyms":null,"sampleValue":{"value":"Trancamento voluntário do período letivo"}},{"synonyms":null,"sampleValue":{"value":"Transferência para outra instituição (transferência externa)"}},{"synonyms":null,"sampleValue":{"value":"Transferência para outro Campus do IFPB (transferência intercâmpus)"}},{"synonyms":null,"sampleValue":{"value":"Transferência para outro curso técnico (transferência interna)"}}],"parentSlotTypeSignature":null,"valueSelectionSetting":{"resolutionStrategy":"ORIGINAL_VALUE","regexFilter":null}}