{"name":"ConsultarTiposProcessos","identifier":"WK3U9UR3JE","description":"Essa intent consulta tipos de processos acadêmicos disponíveis no IFPB e obtem detalhes sobre requisitos e documentos necessários.","parentIntentSignature":null,"sampleUtterances":[{"utterance":"Quais processos acadêmicos posso abrir?"},{"utterance":"Quais são os tipos de processos disponíveis?"},{"utterance":"Que tipos de processos acadêmicos estão disponíveis para mim?"},{"utterance":"Quais são as opções de processos acadêmicos que posso solicitar?"},{"utterance":"Quais tipos de processos eu posso iniciar na faculdade?"},{"utterance":"Que processos acadêmicos posso consultar?"},{"utterance":"Quais categorias de processos acadêmicos estão disponíveis?"},{"utterance":"Como posso saber quais processos acadêmicos estão disponíveis?"},{"utterance":"Quais são os processos acadêmicos que a instituição oferece?"},{"utterance":"Quais são os tipos de processos para revisão de notas?"},{"utterance":"Que tipos de processos acadêmicos existem para transferências?"},{"utterance":"Quais são os processos disponíveis para solicitação de estágio?"},{"utterance":"Que tipos de processos acadêmicos estão abertos agora?"},{"utterance":"Quais processos acadêmicos posso solicitar para revisão de decisão?"},{"utterance":"Quais opções de processos acadêmicos estão listadas?"},{"utterance":"Como posso descobrir quais processos acadêmicos estão disponíveis?"},{"utterance":"Quais são os tipos de processos acadêmicos oferecidos pela universidade?"},{"utterance":"Que processos acadêmicos estão disponíveis para recursos?"},{"utterance":"Quais processos acadêmicos estão disponíveis para trancamento de matrícula?"},{"utterance":"Quais tipos de processos acadêmicos existem para pedido de diploma?"}],"intentConfirmationSetting":null,"intentClosingSetting":null,"initialResponseSetting":{"conditional":null,"codeHook":{"isActive":true,"enableCodeHookInvocation":true,"invocationLabel":null,"postCodeHookSpecification":{"failureResponse":null,"failureNextStep":{"sessionAttributes":null,"dialogAction":{"type":"EndConversation","slotToElicit":null,"suppressNextMessage":null},"intent":{"name":null,"slots":null}},"failureConditional":null,"successResponse":null,"successNextStep":{"sessionAttributes":null,"dialogAction":{"type":"FulfillIntent","slotToElicit":null,"suppressNextMessage":null},"intent":{"name":null,"slots":null}},"successConditional":null,"timeoutResponse":null,"timeoutNextStep":{"sessionAttributes":null,"dialogAction":{"type":"EndConversation","slotToElicit":null,"suppressNextMessage":null},"intent":{"name":null,"slots":null}},"timeoutConditional":null}},"nextStep":{"sessionAttributes":null,"dialogAction":{"type":"InvokeDialogCodeHook","slotToElicit":null,"suppressNextMessage":null},"intent":{"name":null,"slots":null}},"initialResponse":null},"inputContexts":null,"outputContexts":null,"kendraConfiguration":null,"qnAIntentConfiguration":null,"bedrockAgentIntentConfiguration":null,"dialogCodeHook":{"enabled":true},"fulfillmentCodeHook":{"isActive":true,"postFulfillmentStatusSpecification":{"failureResponse":null,"failureNextStep":{"sessionAttributes":null,"dialogAction":{"type":"EndConversation","slotToElicit":null,"suppressNextMessage":null},"intent":{"name":null,"slots":null}},"successResponse":null,"successNextStep":{"sessionAttributes":null,"dialogAction":{"type":"EndConversation","slotToElicit":null,"suppressNextMessage":null},"intent":{"name":null,"slots":null}},"timeoutResponse":null,"timeoutNextStep":{"sessionAttributes":null,"dialogAction":{"type":"EndConversation","slotToElicit":null,"suppressNextMessage":null},"intent":{"name":null,"slots":null}}},"fulfillmentUpdatesSpecification":null,"enabled":true},"slotPriorities":[]}