{"name":"AberturaProcesso","identifier":"YTVB6GD9XN","description":"Essa intent realiza a abertura de processos acadêmicos.","parentIntentSignature":null,"sampleUtterances":[{"utterance":"Quero abrir um processo agora."},{"utterance":"Iniciar um processo acadêmico."},{"utterance":"Preciso abrir um processo de revisão de nota."},{"utterance":"Quero começar um processo de trancamento de matrícula."},{"utterance":"Estou interessado em abrir um processo de transferência de curso."},{"utterance":"Desejo iniciar um processo de reconsideração de nota."},{"utterance":"Quero abrir um processo para pedido de estágio."},{"utterance":"Iniciar um processo de recurso acadêmico."},{"utterance":"Preciso abrir um processo de mudança de disciplina."},{"utterance":"Quero começar um processo para revisão de trabalho acadêmico."},{"utterance":"Estou pronto para abrir um processo de solicitação de bolsa."},{"utterance":"Desejo iniciar um processo para mudança de curso."},{"utterance":"Quero abrir um processo de atualização cadastral."},{"utterance":"Preciso iniciar um processo para ajuste de grade."},{"utterance":"Quero começar um processo para pedido de revalidação de diploma."},{"utterance":"Iniciar um processo para mudança de turno."},{"utterance":"Quero abrir um processo de solicitação de diploma."},{"utterance":"Preciso começar um processo para reconsideração de decisão acadêmica."},{"utterance":"Quero iniciar um processo para mudança de disciplina."},{"utterance":"Desejo abrir um processo para solicitação de certificado."}],"intentConfirmationSetting":null,"intentClosingSetting":null,"initialResponseSetting":{"conditional":null,"codeHook":{"isActive":true,"enableCodeHookInvocation":true,"invocationLabel":null,"postCodeHookSpecification":{"failureResponse":null,"failureNextStep":{"sessionAttributes":null,"dialogAction":{"type":"EndConversation","slotToElicit":null,"suppressNextMessage":null},"intent":{"name":null,"slots":null}},"failureConditional":null,"successResponse":null,"successNextStep":{"sessionAttributes":null,"dialogAction":{"type":"FulfillIntent","slotToElicit":null,"suppressNextMessage":null},"intent":{"name":null,"slots":null}},"successConditional":null,"timeoutResponse":null,"timeoutNextStep":{"sessionAttributes":null,"dialogAction":{"type":"EndConversation","slotToElicit":null,"suppressNextMessage":null},"intent":{"name":null,"slots":null}},"timeoutConditional":null}},"nextStep":{"sessionAttributes":null,"dialogAction":{"type":"InvokeDialogCodeHook","slotToElicit":null,"suppressNextMessage":null},"intent":{"name":null,"slots":null}},"initialResponse":null},"inputContexts":null,"outputContexts":null,"kendraConfiguration":null,"qnAIntentConfiguration":null,"bedrockAgentIntentConfiguration":null,"dialogCodeHook":{"enabled":true},"fulfillmentCodeHook":{"isActive":true,"postFulfillmentStatusSpecification":{"failureResponse":null,"failureNextStep":{"sessionAttributes":null,"dialogAction":{"type":"EndConversation","slotToElicit":null,"suppressNextMessage":null},"intent":{"name":null,"slots":null}},"successResponse":null,"successNextStep":{"sessionAttributes":null,"dialogAction":{"type":"EndConversation","slotToElicit":null,"suppressNextMessage":null},"intent":{"name":null,"slots":null}},"timeoutResponse":null,"timeoutNextStep":{"sessionAttributes":null,"dialogAction":{"type":"EndConversation","slotToElicit":null,"suppressNextMessage":null},"intent":{"name":null,"slots":null}}},"fulfillmentUpdatesSpecification":null,"enabled":true},"slotPriorities":[]}